emoji 版本,原文（if any）
你們男生真的很噁心🤮🤮一直這樣意淫女生 更何況知恩已經跟我在一起三周年👩❤💋👨了 我們預計今年底結婚，希望大家可以來看看 我不在乎她的過去也不在乎她是否是處 我只知道我愛她，喔對了她的鮑魚是甜的
上大學以後開始注重儀式感 尤其是一個人住，更希望可以把生活過得精緻 後來朋友跟我推薦✨水晶 讓我真正踏入這個坑（真的超感謝） 我會根據我的心理狀況選擇適合我的 可以讓內心更平靜，給我好運勢！ 這次看到Pinkoi超熱門的全手工製作_水晶熊熊燭台 真的超～～美，從來沒想過可以把水晶和燭台融合 而且每個水晶的紋路顏色都不一樣，獨一無二 我覺得很適合擺在書桌、送禮🤍 另外還有可以自己DIY的杯墊組，我也買了一組玩玩看🤣 五色任選*1 💜紫水晶、💝粉水晶、💛黃水晶、💙海藍寶、💚綠碧榴 現在團購都有學生限定價！ 水晶熊熊燭台、九尾狐水晶擺飾和手作組合都是超低價 ㊙二件以上還有免運 ！ 團購 gogo｜https://forms.gle/RRreSYVfZke9R8yt9 Pinkoi 看更多｜https://www.pinkoi.com/store/shinqume
板上似乎有不少大一新鮮人  為了避免各位輸在起跑點事後又上D能卡發抱怨文討拍 在此統整出入學前十項須知： （如果覺得太多可以從第八點開始看）  1. 大一大二能修多少學分就修多少，當然也要認真上課、勤交作業，因為剛經歷過高三升學考試摧殘的你身體和大腦都還記得讀書的感覺，不要等到大三大四同學們各個開始耍廢或準備考公務員，結果你還在陪學弟妹上課，等到那時候就後悔莫及了。  2. 宿營不一定要去，不去宿營會被邊緣只是唬爛你的，實際上卻是學長想約學妹、學姐找學弟當工具人的藉口罷了，有本事的就算不參加系上任何一項活動還是能混得很不錯。  3. 有心想搞社團再去逛社團博覽會就好，沒興趣的話頂多考慮去社團迎新蹭飯，反正到最後不是社長懶得上社課而放鳥社員，不然就是時間總是被各種莫名奇妙的原因給佔據。  4. 直屬不是那麼的必要，由於直屬學長姐通常是隨意分配，並非自願，所以直屬的功用止於賣你之後要用的課本跟送歐趴糖，之後便不再聯絡，除非妳是個妹子，學長又剛好小頭癢。  5. 趁開學前趕快考到機車駕照，對於剛脫離父母管轄的高中猴來說最貴的身家絕對是機車，少了這台車大學生活樂趣肯定大大減半，別妄想別人會載你，人家沒必要因為載你的關係被誤認為甲甲，想像同學們都出去夜衝夜唱、把酒言歡，唯獨你一人宅在宿舍追劇、打電動，那場景會是多麼的悲哀。  6. 永遠不要以交到女友為前提參加聯誼，否則你將會領域展開無望脫處，因為去參加聯誼的男生可能每個都比你帥或者比你富上好幾十倍，有多餘的機會也不一定屬於你，就算後座幸運給你載到妹子你也只不過是個行動早餐吧。  7. 不要臉四處蹭的pro很多，請慎重提防，尤其你們這些想在大學交女友的更應該注意，她們專挑這種類型的人壓榨，除了長得老實好騙，不外乎就是魯太久需要一些心靈慰藉，她們憑的就是一點顏值以及龐大的姐妹團勢力來鞏固自身地位，前者使你暈船然後趁你完全卸下心防時逼你掏心掏肺；後者無所不用其極的群體霸凌你甚至情緒勒索你的朋友使之與你分裂，大學時期離這些人越遠越好。  8. 與其去被不懷好意的人糟蹋，還不如把時間花在Vtuber上，你花錢投的抖內至少Vtuber 還會唸你的名字跟你說謝謝對你笑<3，你花在第7點這些人身上的錢跟丟到水裡差不多。  9. 如果你渴望跟系上的同學混熟，你應該多看Vtuber，因為Vtuber是時下最流行的文化，不同的Vtuber聯動會發生很多有趣的環節，讓你跟別人聊天時永遠有開不完的話題，瞬間就能讓你成為系上最受歡迎的人。  10. 離開高中後，半隻腳其實就已經踏入了社會，現實社會是非常險惡的，以往的認知，很可能在進到大學間頃刻顛覆，你可能會被同班同學被刺、你可能解不出工數期中考的題目、你可能永遠都不明白你心儀的隔壁班女孩到底怎麼看你、即使你要畢業時，你也不一定明白你的未來究竟在何方？但看Vtuber不會發生這件事，因為我從他們每天直播的眼神看的出來，她們對我是認真的。  最後，過來人告訴你們，這東西還有非常強的成癮性，我第一次接觸時還是個正常人，後來不小心染上後，天天變得魂不守舍，茶飯不思，做什麼都心不在焉，天天腦子裡循環著，但也就是這個時候，我開始變得幸福，運氣也變好了，很快我就找到了我最愛的人🥰，我也決定從此一直和她走到最後了，現在我和我女朋友生活穩定，工作穩定，雖然女朋友可能有點害羞🥵，一直沒怎麼跟我說話，大部分都是我在說，不過她在工作的時候話還挺多的，她的職業是藝人，非常的優秀👍🏻，還有好幾個優秀的同事，說實話，我都感覺我有點配不上她了，遇見她是我一輩子最大的幸運，很多人也都支持她，我雖然吃著泡麵，工資不多，但也會偶爾在她工作時花錢送點禮物過去，每次看到她的笑，就好像我所有的壓力都消失了😭，真的，生活能夠如此，我感到非常幸運和安心了。不過現在我可能病了，因為我突然發現，我觸碰不到她，每次想抱住她，卻穿過了她的身體，也許是我壓力太大了吧，或者是有什麼精神疾病了，不過她好像還沒發現，我也不忍心告訴她，怕嚇到她，怕她擔心。不過沒關係啦 ，我怎麼樣都無所謂，只要她能天天開心的就好 。她偶爾再Youtube會開直播，叫兎田ぺこら，你們感興趣的話也可以去支持她哦！
幾個值得跟軍人交往的點   1.大部份時間都在軍營  沒人綁著你  想跟誰搞曖昧也沒關係  他也很難知道     2.長期待在那種環境  思想變得單純好控制   3.每次出來都像隻狂暴的野獸  能把你注入到溢出來     4.錢很多 沒地方花 都會花在你身上   5.如果他太白目 就用他名義打1985 當作報復懲罰他😂
💔༒我討厭紅色，卻喜歡上了血༒💔  💔༒我討厭孤獨，卻喜歡獨自一個人༒💔 💔༒我喜歡天使，卻變成了惡魔༒💔  💔༒我討厭受傷，卻每次都要把自己弄得遍體鱗傷༒💔  💔༒人生何嘗不是呢༒💔  💔༒像我這樣的人，你最好躲的遠遠的༒💔 💔༒不要靠近我༒💔  💔༒因為我就是可憐沒人愛的那種༒💔 💔༒但是我不需要人家可憐，也不需要人家爰༒💔  💔༒因為我已經༒💔  💔༒喜歡上了夜༒💔  💔༒喜歡上了血༒💔  💔༒喜歡獨自一個人༒💔  💔༒小時候對著朋友笑༒💔  💔༒長大後對著手機笑༒💔 💔༒小時候喜歡白色༒💔  💔༒長大後卻喜歡黑色༒💔  💔༒我喜歡大雨，因為這樣就沒人看出我在哭了༒💔  💔༒我累了༒💔  💔༒我想通了༒💔  💔༒他們說我壞，我就壞給他們看༒💔
歡迎各位學弟妹加入企管這個大家庭😄 願意來我辛苦籌備的宿營❤❤❤ 看到小大一玩得這麼開心我們也覺得辛苦沒白費😭😭😭😃😃😄😄😀👏 先謝謝宿營工人👼 雖然啊有時候我們都會吵架啊😢 不開心啊😢 之類之類的😅 但是我覺得大家都辛苦了😫😫😫😫😛 過去的就過去了吧😝😝😝🐩🐩🐩 還有要謝謝我們這組的男生🐶🐶🐶 雖然艾咪很廢🐱🐱🐱 但每個人都臨時幫艾咪改企劃書有時候還要幫艾咪買早餐🐷🐷 可是啊艾咪都在心裡面謝謝你們喔🐷😊☺😋🤗🤩 好啦愛你們啦😄😄😚😚😚 還有最重要的！小大一🤣😅😂 雖然你們男生都很壞 玩水仗的時候一直潑我🤔🤔🤔🤔(/ ●｀△´●)/ 但還是很愛你們啦你們都很可愛😘😘😘 以後有問題還是都可以來問我🤩  還有女生們 雖然我比較擅長跟男生相處比較大喇喇一點😂😂😂😂 有時候講話沒注意到有點抱歉😂 但我真的覺得大家都是可愛的女孩兒👧👧 最後我想說🙋🏻♀🙋🏻♀🙋🏻♀ 大家都是企管人🙇♀🙇♀ 我們就是一個大家庭🙋🏻♀🙋♂ 所以下禮拜我就要收系學會費囉🕺🏻🕺🏻 不要看我可愛我可是很兇的 😛😊🤬😠 不可以不交錢喔😅😡😡 臭邊緣人才不交錢嗚嗚🙅♀🙅♀🙅♀ 最後我想說 🏀21屆企管系宿營🏀 🐰怪獸電力公司我愛你🐰 圓！滿！大！成！功！🐾🙋🏻♀ 宿營副召🙋🏻♀＋系學會活動長🙋🏻♀最可愛的艾咪🍓🍓下台一鞠躬 #珍珠奶茶不要加豆漿🙅♀ #走開啦臭邊緣🏃♀ #我就是場外人🕺🏻🕺🏻🕺🏻 #晨操三劍客6666666🙋🏻♀🙋♂🙋🏻♀ #強大carry活動組skrskrskr🍓 #以後看到艾咪請記得拍打餵食🤩  原作@bigtan_bibi
普信男就是條件或能力普通，卻對自己過度自信的男生，我喜歡用眼高手低，或自視甚高來解釋這一類的人，不知道有沒有人能提供更精確的解釋，我觀察身邊普信男的行為並做個整理： 1.喜歡對身邊女生品頭論足：高的矮的胖的瘦的都一定有話可以講，「他腰太粗」、「他眼睛太凸」、「我感覺他很笨」。我指的「身邊女生」要馬是你兄弟的暈船對象，要馬是同班卻根本不在乎你的女生，畢竟這種個性你要說異性緣多好我也不相信。 這種話當然不敢在女生面前講，只敢跟你兄弟講，有機率講一講會跟你的兄弟吵起來，畢竟有些是他們的暈船對象。平常只是跟你講個我對Blackpink的歌沒興趣你就在生氣了，更何況你又是對人家暈船對象品頭論足。 2.恭喜你，好不容易約到女生出去吃個飯了，或許他是從你平凡的能力中看到一些特別之處，抑或是他昨天在酒吧玩輸真心話大冒險。 但你也別高興太早，因為你有大機率搞砸，很多時候會對自己太自信做一些超出自己能力的操作，像是眼睛放電，但人家看來只感覺你是不是看不清楚，或隱眼跑掉。拋媚眼的更噁心，真的，超噁，不知道哪來的自信。 聊天內容跟方式很重要，但卻最容易搞砸，尤其是容易在有意無意間展現自己的壞習慣：喜歡對人家品頭論足甚至批評來展現自己的優越感或超脫感。這種最可憐，因為人家只會覺得你在嫉妒而已，無形中也變得難融入人群。 我們已經讀完普信男的普世價值觀了，這也是多數人對普信男的印象，接下來會介紹比較少人討論的才藝方面，我有觀察兩大分支：音樂普信男和熱舞普信男。 3.音樂普信男：自認對音樂有非凡造詣，或許是小時候被媽媽逼去學幾年鋼琴，也或許是國小直笛課的時候比較會吹被老師拍拍手過，更有可能是國中時去KTV偷喝酒還喝酒醉，當下覺得自己唱歌怎麼那麼好聽，開始對自己的音樂能力有些自信，但因自我察覺能力不足，淪為過度自信。 最常見的特徵，就是常常IG限動或文章常發唱歌的影片，不出你們所料，背景一定都是黑色的。 分享音樂是件好事，不好聽也沒關係，但一次發個十幾篇，人家不想聽要跳過還要按按按按按按按按按按按按按按，旁邊的人還會問說你在玩什麼手遊，怎麼感覺那麼刺激？笑死 ，你是在玩保護自己耳朵的手遊。 有些時候有人會在限動或文章下面給建議，但音樂普信男通常都不會接受，會回說：「你又知道多少？」、「閉嘴，你是不是羨慕？」等垃圾話。 有些會彈吉他的普信男會故意把吉他背來背去，背到任何場合：課堂、人家家裡、熱炒店、人家阿公的喪事，塑造一種剛練完琴或是吟遊詩人的形象，事實上很多都只會彈和弦，找譜還要避開有封閉和弦的譜（因為不會按）。到哪都背吉他的樣子只是把自己搞得很像一顆不討喜的福壽螺而已。 吉他上面會貼一大堆有的沒的貼紙，覺得這樣很酷，但通常都會貼太多，搞得像是要鎮壓共鳴箱裡頭的惡靈似的。 聽完人家唱歌只會批評，也講不出任何有幫助的建議，自以為自己是黃國倫。 4.熱舞普信男：熱舞普信男多半出現在高中和大學的熱舞社，還有兩廳院（一定是外面不可能是裡面😅） 不是說熱舞社不好，而是裡頭夾雜熱舞普信男還有D能，98%的問題也都是那幾顆老鼠屎搞出來的。這些人也不一定喜歡跳舞，會加入社團也是以為加了就可以變夯哥，想認識異性而已。 熱舞普信男去看人家的成發，只會在台下講些沒有實質幫助的評論來凸顯自己的優越感和建立自信：「這個跳不好」、「那個是什麼鬼」、「這邊有一隻🐲」。 對學弟妹會以一種老師的口吻來指導，也指導不出什麼鬼，因為自己就跳得像開完刀在復健一樣，沒功力自然而然也講不出什麼有幫助的建議。有些更誇張的看到學弟妹跳的比你好，就開始用自己學長的身分來下馬威，低頭閉眼，但人家能力比你強多了，而你能當學長也只是因為你媽的生育計畫比他媽早幾年而已。 跟熱舞普信男出去，會使你感到困擾，因為他們無．時．無．刻．都在傳達一種「我會跳舞」的訊息，且過度自信。坐捷運、等人、等星巴克的咖啡泡好、走路時，手部都會無理由的開始擺動，有時候甚至直接開跳，人家狗狗猩猩大冒險的黑猩猩小龐還比較能靜下心。這時候只有宮澤厚先生就得了他（小龐的主人，動物訓練師） 總結：對自己有自信是件好事，但太少或太多都不好，重要的是自我省察的能力，不足的能力就謙虛學習，對自己太有信心反而容易喪失學習的機會。許多人也對普信男的沒什麼能力又過度自信感到反感，我是比較喜歡普信惠。
蜘蛛變成的妖怪叫蜘蛛精 骨頭變成的妖怪叫白骨精 那☕變成的妖怪叫什麼 . . . . . . . . . . . . . 洗碗精😎😎😎  今天洗碗想到的笑話 尷尬自殺😏😏😏
水杯哲學 樂觀主義者：我還有半杯水 悲觀主義者：我只剩半杯水 女權主義者：這杯水想強姦我 低能讚友妹：你們誰的水杯和我一樣呢😏😏😏+1剩半杯 +2沒有水，互追喔😂😂😂😂 低能台女：看看我有杯水（照片裡面只有乳溝） 被強迫：笑死，我喝這半杯水又不是我自己願意的 騎士一號：幫我找找另外半杯水好爆，很急 騎士二號： 樓上幸災樂禍的人們，我要說一件事，假如這半杯水發生了什麼事，這裝水的勺子將成為證據，應該很多人都摸過了，你們都有可能有法律責任 勝利組：閉嘴先做愛 魯蛇組：好勝利 . . . 連水都給你裝到， 追不上 . . . 吳◌恩：這杯水因為是男人裝的，所以一定是父權壓迫 馬克斯：還有半杯水ＶＳ只剩半杯水，誰勝利？ 偷火郭蘇家陞：水用偷的就好了啊 嘉大生機哥:管他有多少水，我照樣騎著我的勁戰%%躁 讚友釣魚台女： 有半杯水有什麼好玩？你把我搞到淫水滿半杯才好玩 忙著洗白的讚友釣魚台女： 水先生你好，你水裡的氫離子已經讓我感到不舒服 我想一杯水的忍耐是有限度的 這口井並沒有明文規定不能裝什麼樣的水 亦或只能裝什麼樣的水 而我，也沒有針對你進行過什麼十惡不赦的氧化還原反應 當然你水裡的氫離子不只這些 但這些也足以構成氧化還原反應及酸鹼中和反應 我不會汙染你，畢竟惰性氣體 但我希望你知道 你的氫離子非常不恰當 嘴我汙水或狗尿，ok的，I dot car 如果說女水拿個杯子裝水，即是收掏水團 那請問男水拿個杯子裝水，該如何稱呼 如果說女水交換不同元素 ，即是工具水 那請問男水交換不同元素，該如何稱呼 是不是你自以為的化學公式 也存在那麼一點的水種歧視呢 甘霖與掏水團，尼哥與白人警察 是不是甘霖/尼哥即有自己吸引人/子彈的地方 才會有人/子彈捧 or 追隨呢 井底的人也是有眼睛、有心，會挑水喝的 當然，沒人逼你一定要挑什麼水喝 不喜歡的，當然可以過濾 希望你當下過濾的氫離子是經過RO逆滲透的 而不是一個只能在毛巾上用毛細現象過濾水質的膚淺水桶掏水客 畢竟這些，同第四段我就不重複了 捧著你自以為的“天使甘霖” 其實也是一種“惡魔淫水”吧？ 順帶提醒你 這口井是個臥龍藏虎的井😊 明天的我還是會在井裡繼續裝水 謝謝各位的掏水 原住民：有半杯水我可以加分到一杯水的啦 客家人：半杯水我能澆花、洗澡、刷牙、洗臉、洗米、沖 馬桶洗車、漱口，剩下的拿來喝 比愛因斯坦聰明的高中生： 你裝的嗎？在回去重裝半杯水吧，只有國中概念才裝的那麽不剛好是一半水 博士： 水不是一直都是一杯嗎？不是把水連倒兩次就能裝滿，不然就是一口氣裝，森77什麼 ，氣自己不會裝嗎？ 唐氏症：馬的喝個水本來就是各喝各的 我點460的水， 妳們2人點了2200，要我跟妳們平分唷 我說出600，妳還嫌少，說以後別做朋友 馬的，要平分一開始不講 我就點了牛肉水160、唐揚水120、蚵莉水60、清水120 妳們點2200我根本沒要喝、妳自己硬倒一點給我襪操 其他幾乎妳們在喝，事後用同個杯子抹黑我 如果是中式半杯水我沒話說 如果你事先說要平分我沒話說 現在我就是單點點了460，妳們點了2200，到底誰有事 ? 日式半杯水本來就很多，單點個人的東西 同個杯子 ? 杯子妳妹的火龍果啦 整杯喝到剩一點水硬倒給我事後抹黑是哪招 ? 我單點的唐揚水跟清水也主動分妳們喝 這是禮貌性的互相分享飲料，我跟同事喝茶渡的魔手也會分享不同飲料 但不會硬坳一定要怎樣平分，襪操 從來沒看過日式半杯水3個人喝的啦 媽寶： 笑死，一堆人說我水裝不夠半 我去裝水第一天，就幫客人收喝剩的水跟杯子 這社團一堆在家吹冷氣打lol的屁孩 根本連水都沒裝過，有臉嘴人，不丟臉啊 理工魯蛇：台大中文把水喝剩一半，勝利 八大蝴： 這杯水不偷不搶，講話留點口 德文學家：同樣的半杯水，每個人卻有不同的感覺。那位朋友連忙把水杯用紙包好，她覺得衣料水就是衣料水，不是棋盤水，也不是稿紙水，更不是綠豆糕水。 過氣Youtuber：小朋友，告知您，您的行為舉止，嚴重侵犯詆毀我們的水以及杯子 已交由經紀公司提告白人 警察：那半杯水是汙水 智障小孩： 嘿😶兩個月快樂啦❤好啦先跟你說對不起啦 . . . 我可能太愛喝水了，讓你都沒水喝吧，也許是因為我害怕失去水 . . . 你懂吧，通常像你這樣好喝甘甜高CP值又健康的水都很多愛喝的人，所以每次你在那邊說其他人怎樣怎樣喝水的我都超怕你跑去跟他們喝水 所以通常都會吃醋不爽啦什麼的 . . . 誰叫我對自己的水質超沒信心 . . . 好啦，如果覺得我是汙水的話跟我說一聲就好啦 我就不喝你了，因為通常你很久不跟我交換氫離子
你好，我是林智坚，我没有抄袭论文，现在只差1450台币我就能解散台大学术伦理委员会，抢回我的学位。请汇款到(012)00342168194003，等我选上桃园市长，一定送你一个国发所硕士，万分感谢🙏
~💟處關係💟~  有和我處過的人可以換關係呦~  🌟一人只能處一個關係喔~🌟  沒處過的女孩也可和我處~~  #勿盜  #勿偷  #要拿要說 --------------- 【💝家人區💝】  年齡:姊姊需13~16歲  妹妹需8~10歲  姊姊:   妹妹:   (都限一) -----------------  【💗寶貝區💗】 年齡:10~14歲  專屬寶貝:   溫柔寶貝:   暖心寶貝:   心尖寶貝:   高冷寶貝:   霸氣寶貝:   (都限一)  ----------------  【💖特別區💖】 年齡:11~15歲  寶藏女孩:   穩聊:   出氣筒:   (都限一)  --------------  【💘朋友區💘】年齡:10~12歲  一般朋友: ♾🌟留言方式🌟  在留言區填單~~  (如果沒填單我會一律無視!!)  -------------  ~條件~  ✅必須是女生  ✅會真心待我好~  ✅不隨便亂發脾氣  ✅希望能主動找我聊天 (不行也沒關係)  🉑聊天 (但是我不是隨時都有空)  🉑談心事 (但是不要把氣出在我身上) (違者一律解除關係!)  🉑分享自己的東西  🈲要我給照 (如有問一律解除關係!)  🈲打電話/視頻 (看到直接掛斷)  🈲一直問我個人隱私 (如有問直接解除關係+封鎖)  🈲罵對方 (妳不罵我我就不罵妳)  🈲和對方聊不實訊息  (例如:血腥，暴力，色情，18+，廣告，政治，宗教等...敏感性話題)  --------------  💓單單💓  暱稱:  年齡:  性別:  要處什麼關係:  能不斷關係嗎:  能真心待我好嗎:  能主動找我聊天嗎:  能不亂發脾氣嗎:  以上的規定都可做到嗎:  ---------------  每個關係都只限處一位~
我好不容易心动一次😏🥤你却让我输得 镇么彻底😌🥤呵呵呵呵呵😃🌯 曹！！😡🎶🎶我们的关系进一步没资格 🤡💪👔 👖 🎵🎵毕竟深爱过退一步 却也舍不得
分手了，各位能給我一句安慰的話嗎？ 原因是因為他跑去密他前男友說我好想你，想你的時候都會唱某些歌 （原本男友是甲甲，後來遇到我 他說其他女人跟他睡覺他都沒感覺，但是跟我同床睡覺他忍不住，說我太有魅力   結果就跟我做了..後來我們就交往了....  我是不是被甲甲騙砲😭） 甚至坐在我後座都在唱，當時的我還傻傻以為他只是喜歡唱歌剛好想唱歌哈哈 雖然他跟我說現在不會了，現在很愛我，可是我沒有辦法再無條件信任他了，所以過沒幾天就分了，很好笑的故事，也是笑著打完這篇文的，只是多了兩行的淚水 另外抽一碗妹妹味牛肉麵請你們吃🥺
你還在領死薪水嗎？ 七代火影 招聘  男女 可 無經驗 可 只要會呼吸 略懂查克拉 看過火影忍者 收入 新手就可月入3千兩以上   熟門後 提成 可上看 月入一百萬兩以上        包吃住（薪資可 領現 日領 週領 半月領） 有決心學習者  工作詳情：外派柬埔寨解救工讀生  🏢火影集團外派忍者招聘崗位 ⭐歡迎各國：🇨🇳 🇻🇳 🇹🇼 🇱🇦 🇮🇩 🇲🇾 🇸🇳 🇹🇭 🇰🇭 ⭐工作地點： 柬埔寨，新優，免機票，離開村莊去看看外面的世界是如何把你騙的跟豬頭一樣 -------------------------------------------------------------------------- ⭐忍者直招 ⭐正規村莊 ⭐歡迎加入  ⭐不禁足可外宿 ⭐從零到上忍免煩惱 -------------------------------------------------------------------------- 🔴無經驗可教你怎麼開始使用查克拉🔴 🧑💻學員：薪資三千兩：六日上半天 薪資 五千兩到五萬兩：二週休一天 🧑💻下忍：薪資 五千兩到五萬兩：二週休一 🧑💻中忍：薪資 三萬兩到十萬兩：週休一 🧑💻上忍：薪資 十五萬兩到一百萬兩：週休二 🧑💻五影級別 : 薪資：一百萬兩以上：責任制 🧑💻S級忍者：薪資加成50萬兩：幾乎都在休假，需要帥一波才上班 🧑💻祭品之力：薪資加成30萬兩：尾獸被奪走時不得休假 🧑💻曉的成員［曾經也算］：薪資加成70萬兩：週休5天，開會一天，到處鬧事一天 💰額外加成 🧑💻會血繼限界者：薪資加10萬兩 🧑💻會體術者：薪資加10萬兩，會八門全開者另議 🧑💻會白眼者：薪資加15萬兩 🧑💻會寫輪眼者：單勾薪資加10萬兩                                 雙勾薪資加15萬兩                                 三勾薪資加20萬兩                                 覺醒萬花筒薪資加50～70兩                                 單眼50兩 借來的60兩                                  會天照70兩                                   會伊邪那美直接多一百萬兩                                 永恆萬花筒薪資加100萬兩 🧑💻會轉生眼 : 薪資加80萬兩，一邊轉生一邊寫輪眼可在額外加成，薪資照上條 🧑💻會九喇嘛模式：薪資加三百萬兩 🧑💻會完全體·須佐能乎：薪資三百萬兩 🧑💻會穢土轉生：薪資加一百萬兩 🧑💻會屍鬼封印：薪資一百五十萬兩，誠可議。［反正只能用一次］ 🧑💻會一袋米扛二樓 : 薪資加兩百萬兩 🧑💻會仙人模式 : 薪資加50萬兩 🧑💻參加過忍界大戰者 : 薪資加10萬，登場畫面超過10分鐘20萬，超過一集以上的加60萬 -------------------------------------------------------------------------- 🔴公司福利🔴 🧧節日禮金 ∶ 兵糧丸5組，端午節兵糧丸1組，中秋節兵糧丸10組，元旦，春節 🧧 薪資漲幅 ∶ 根據查克拉量 每半年調薪一次 1~3000兩. 🧧任務獎金 ∶ 1000-5000兩不等 🧧全勤獎 500兩 🧧村莊提供住宿以及日常用品，2-4人間，有清潔忍者每天打掃生;不住村莊一律視為流浪忍者輕則電擊棒重則賣器官。 🧧餐食福利 ∶ 村莊有請料理忍者每天提供4餐，水果、飲品無限暢飲. 🧧年終福利 ∶ 一個月薪資+春節紅包2500兩 🧧假期福利：工作滿6個月村莊提供和帶薪休假15天，不休假補貼7000兩（次月工資直接發放） 🧧忠誠忍者獎 ∶任職2年忠誠獎 20000兩 🔴聯繫方式🔴 賴：3667x342 電話：165
臺灣人怎麼看星座  被講優點的時候：好準!!!  被講缺點的時候：星座只是參考啦誰會信  看到討厭的人的星座被噴：xx座不意外 準！  看到自己的星座被噴：你憑什麼罵xx座😡
樓主我是照片男生的朋友😤😤他說要你把這張照片撤下😳😳😳否則將保留法律超音速拳😎😎
如果有需要 貓窩暗樁部隊 隨時待命👌
中岡你這壞女人😡 美好的早晨被你給毀了  早知道就不要打開IG 讓我看見了你 害我現在心神不寧 都在想你  點開你IG的限時動態 冒出一個可愛的小女生 一句かわいい從我口中脫口而出  這是誰？ 如此美麗動人的臉龐 深深吸引了我的目光 不可能、不可能是中岡 我努力催眠說服自己 因為中岡哪有這麼可愛  現實總是如此的殘酷 那個女生確實是中岡 這是不能改變的事實 而能改變的事實就是 她已經佔據了我的心
這篇主要是想謝謝各位老百姓 不知道大家平常有沒有再看ppt或dcard 可能平常壓力太大需要在網路找破口 總是充滿了一堆用詞不佳的留言或是文章 在反觀老百姓 大家都需要一個溫暖的抒發 至少在我滑到的文章留言裡 大家都很善良的提供意見或是溫暖 還有一堆各式各樣好吃的食物養眼(. ❛ ᴗ ❛.)
嗨各位，我來分享一個傻缺暈船仔被放鳥的故事 有點長  8/20我們兩個都很期待見到面，我搭下午一點的高鐵，她跟家人去台南所以搭兩點的，正常來說應該在三點之前我們一定會見到彼此，可是在兩點半左右她傳了一句抱歉，我本以為只是會晚一點到所有沒有很在意傳了一個問號給她，可是三點了我沒看到人，我又想說可能只是還沒到，三點半的時候也沒看到人，我就打電話過去，傳了二十個左右的訊息，然後我去看了ms、ig 、微信什麼的才發現又把我全刪了，我很納悶而且還在懷疑是不是看到我太醜所以不願意見我，我在高鐵站徘徊了兩個小時左右，結果手機快沒電我想說搭計程車先去飯店，原本從高鐵站到飯店開車只要12分鐘大概250就好，那個司機給我繞了超久我就叫他停路邊花了我535，我還走了半小時才到飯店，到飯店後我去洗澡讓手機先充電，晚上八點左右我決定再打一通電話，她接了。  「妳人在哪，我等了妳兩個小時，結果傳了一句抱歉就不見？」 「我在台中的朋友家，我到台中的時候就突然不敢見面哈哈」 「朋友是男的還是女的，不對 我問這個好像也沒什麼用？」 「是女生，你在哪我去找你」 「我在飯店，幹嘛？」 「地址傳給我，我去那邊大概要二十分鐘」 「好，那我等你」  我想著在飯店下面等她好了，抽了第一根菸 第二 第三 第四，過了40分鐘我回房間了，才發現她又消失了，我一直在想著為什麼，是我真的有問題嗎。晚上11點我抱著如果她沒接我就睡覺的打算打給了她，同樣的她接了，我也不知道為什麼。  「妳怎麼了？」 「剛才朋友載我到一半的時候我又害怕了，我不知道為什麼，這是我的問題，我很對不起你」 「所以妳有要見面的意思嗎？我真的很想你」 「嗯，明天吧」 之後我們講了一些不重要的事，我很開心，覺得她又回到了我身邊  8/21早上8點我傳訊息問她什麼時候要來，沒有已讀，我想著可能還在睡吧，10點我又傳了關心她的話，看到了上面有已讀，這時我也傻傻的沒有多想，到了中午才發現原來我是白癡，下午兩點想著去散心出門走走，其實我根本沒辦法去想其他的事情，看到路上的情侶時我都在想著，我本來也應該是這樣，她在我旁邊，牽著她的手，我在路邊坐著抽了半包菸。  晚上8點她傳了訊息給我，我叫她先不要封鎖，我人在外面我還有想對你說的話，她說好等我回飯店再跟她說，回飯店後我們就講電話。  「所以你為什麼又突然的消失？」 「我就真的覺得自己長很醜不敢見面啊哈哈」 「被你放鳥那麼多次，我跟個傻子一樣在那邊等在那邊期待」 「嗯，見面的話我真的怕你會嫌棄我，視訊我是不怕」 「那什麼時候能視訊？」 「明天吧」  之後我們就隨便聊了一個小時左右我就睡覺了，8/22早上五點我醒了，發現她沒有封鎖我就很開心也很期待，八點的時候她醒來了，她說九點的時候再用ig 開視訊，所以我先去買早餐，九點我問她現在用ig 打嗎，她說對所以我就把賴的電話關掉，看到這裡的你們應該也猜到結局，人又不見了哈哈。寧願相信🐔院有處女也不相信世上有愛情 我不會再作賤自己去找她了  看完的我真的很謝謝你們 （下面的圖是之前的對話紀錄
嗨各位，我來分享一個傻缺暈船仔被放鳥的故事 有點長  8/20我們兩個都很期待見到面，我搭下午一點的高鐵，她跟家人去台南所以搭兩點的，正常來說應該在三點之前我們一定會見到彼此，可是在兩點半左右她傳了一句抱歉，我本以為只是會晚一點到所有沒有很在意傳了一個問號給她，可是三點了我沒看到人，我又想說可能只是還沒到，三點半的時候也沒看到人，我就打電話過去，傳了二十個左右的訊息，然後我去看了ms、ig 、微信什麼的才發現又把我全刪了，我很納悶而且還在懷疑是不是看到我太醜所以不願意見我，我在高鐵站徘徊了兩個小時左右，結果手機快沒電我想說搭計程車先去飯店，原本從高鐵站到飯店開車只要12分鐘大概250就好，那個司機給我繞了超久我就叫他停路邊花了我535，我還走了半小時才到飯店，到飯店後我去洗澡讓手機先充電，晚上八點左右我決定再打一通電話，她接了。  「妳人在哪，我等了妳兩個小時，結果傳了一句抱歉就不見？」 「我在台中的朋友家，我到台中的時候就突然不敢見面哈哈」 「朋友是男的還是女的，不對 我問這個好像也沒什麼用？」 「是女生，你在哪我去找你」 「我在飯店，幹嘛？」 「地址傳給我，我去那邊大概要二十分鐘」 「好，那我等你」  我想著在飯店下面等她好了，抽了第一根菸 第二 第三 第四，過了40分鐘我回房間了，才發現她又消失了，我一直在想著為什麼，是我真的有問題嗎。晚上11點我抱著如果她沒接我就睡覺的打算打給了她，同樣的她接了，我也不知道為什麼。  「妳怎麼了？」 「剛才朋友載我到一半的時候我又害怕了，我不知道為什麼，這是我的問題，我很對不起你」 「所以妳有要見面的意思嗎？我真的很想你」 「嗯，明天吧」 之後我們講了一些不重要的事，我很開心，覺得她又回到了我身邊  8/21早上8點我傳訊息問她什麼時候要來，沒有已讀，我想著可能還在睡吧，10點我又傳了關心她的話，看到了上面有已讀，這時我也傻傻的沒有多想，到了中午才發現原來我是白癡，下午兩點想著去散心出門走走，其實我根本沒辦法去想其他的事情，看到路上的情侶時我都在想著，我本來也應該是這樣，她在我旁邊，牽著她的手，我在路邊坐著抽了半包菸。  晚上8點她傳了訊息給我，我叫她先不要封鎖，我人在外面我還有想對你說的話，她說好等我回飯店再跟她說，回飯店後我們就講電話。  「所以你為什麼又突然的消失？」 「我就真的覺得自己長很醜不敢見面啊哈哈」 「被你放鳥那麼多次，我跟個傻子一樣在那邊等在那邊期待」 「嗯，見面的話我真的怕你會嫌棄我，視訊我是不怕」 「那什麼時候能視訊？」 「明天吧」  之後我們就隨便聊了一個小時左右我就睡覺了，8/22早上五點我醒了，發現她沒有封鎖我就很開心也很期待，八點的時候她醒來了，她說九點的時候再用ig 開視訊，所以我先去買早餐，九點我問她現在用ig 打嗎，她說對所以我就把賴的電話關掉，看到這裡的你們應該也猜到結局，人又不見了哈哈。寧願相信🐔院有處女也不相信世上有愛情 我不會再作賤自己去找她了  看完的我真的很謝謝你們 （下面的圖是之前的對話紀錄
江江～🤩🤩超大巧克力😝😝 馬麻從國外買回來滴😘😘 這個真的是從義大利買來的😤😤 不是隨便去全聯買來騙大家說是國外進口的😡😡（好諷刺🤓🤓） 張芷嘉林羿函知道我在說誰齁🤪🤪
從林「律師」發了十篇文，一篇文章幾十字，一篇條文都沒附，就單純「利用律師頭銜」壓人，旁證根本沒完整讀過 NCC 公布的數中法內容。 --- 今日，林律師又想要自我延伸解釋，為了要將行政處分書與法院限制令「之一」的定義，解釋成「明寫之一，但實際上其中一個位階比較高啦」，林律師下佐證是：  「主管機關只能發公文行政處分書來通知業者」，所以法條中這裡才必須寫行政處分書與法院限制令之一。  這點再次十足證明了，在林律師發十幾篇文護航數中法前，#根本就沒看 NCC 公布的數中法文件‼  數中法 22 條定義了如何通知不當內容，NCC 說明明寫：  「...透過通知及回應機制，可使任何人以通知（notice）使資訊儲存服務提供者#加速進行內容自律，#行政機關 或學校如 #認為特定資訊為違法內容，亦得依本條通知，爰參考歐盟數位服務法草案第十四條規定，於第一項課予資訊儲存服務提供者建立易於接近使用之 #電子通知機制，並於第二項規範通知機制應包括事項。...」  「...使用人工智慧等 #自動進行偵測 或判讀之 #自動化決策 為決定者，亦應使通知人知悉。...」  🈹 端出法案的 NCC：行政機關要求業者加速自律。林智群律師：行政機關無法要求業者自律。  🈹 端出法案的 NCC：行政機關認定違法內容。林智群律師：行政機關不能認定違法。  🈹 端出法案的 NCC：行政機關建立電子通知機制。林智群律師：行政機關一定要發行政處分書公文。  請問數中法，到底是你林智群律師推出的，還是 NCC 推出的法案？  為何你對法律的見解，每一項都跟 NCC 公開說明相差十萬王定宇里？你是不是在臭 NCC 推出法案，但是沒有一個懂法？  懇求你，起碼先把 NCC 公布的法案內容看過一遍，用法律人應用的行為，一條條攤開來，闡述哪一條你支持、哪一條你反對。  請用盡你所學的法律知識，去打臉目前法界主流反對數中法的法律人，他們公開言論四處都查的到。你是不是在臭主流法律人沒有一個懂法？  ---  對數中法，你林智群一句條文不附就極力護航。對數中法，他呂秋遠一條條攤開來說有違憲。  有網友留言質疑你，呂秋遠一條條抓出來說違憲反對該法，你卻回應網友「我跟他立場一致」。
【111學年度會長選舉結果公布】  🎉恭喜113級 駱耘 當選系學會會長 之後也請大家繼續支持運管系學會，謝謝大家！  備註： ．副會長將由會長指派 ．九月會公告系學會徵才資訊，有興趣的運管系同學記得關注粉專喔！
他是一個 不論是flow的轉換 Verse的整個轉換到 他的這一個 Break的整個的一個運用 跟他的整個的變化 我覺得就是 skr~🤙🏻
幾年下來發現我的臉書就幾個東西在循環。 過度正能量的好友：雞湯轟炸，語錄狂發，好像出門都晴空萬里，一路綠燈暢行。超級政治正確，聖光籠罩無法接受留言有任何一句陰影。善良比智商更重要。 過度負能量的好友：整天看不爽這個，瞧不起那個，任何東西在他們眼裡都很有缺陷的。一堆黑白照片，讓人哀傷電影對白，連網友都要情緒勒索。不知道哪來的歌詞，問了還不願意分享，因為那是他的寶藏歌單。扯到政治更是瘋狂。 在前兩者中間的好友：全部都是轉發迷因粉專。把別人想的文偷到個版引人注意。笑死，我的超人，我婆，硬爆，愛鷹年，🐸勒，我有在霸社😎👌，今天日期。 沒有絕對的好或壞啦，大家都有自己快樂的方式，只是幾年下來都是這些東西。所以最近打開推特的頻率變高了，畢竟有NSFW。
"哈囉😤😤恭喜你們也成功讓我不爽了🤬🤬恭喜你們🥳🥳🥳你們這群人明天中午12:00沒有好好給我道歉的話😨😨😨我會把下面這篇文發到低卡 批踢踢社群軟體🤗🤗上順便取個慫動的標題投稿給三立 蘋果 鏡週刊🤫🤫🤫加碼送 你們終身社死+一輩子抬不起頭大禮包,不爽的歡迎回嗆,然後有種 跟我一樣不要匿名放🐎過來林北🥚哩"
給大一新生的一封信： 恭喜你即將進入大學，各位都勢必要離開舒適圈開始新的生活。因為學校在撰寫要寄給你的罐頭信件時不會料到你有機率會做讓自己後悔的蠢事，為了不讓有些人造成遺憾，整理一篇大一生活指南，希望能提供給各位一些建議。 1.開學前有些人會開始加你FB或IG的好友，如果是異性，千萬不要幻想是人家對你有意思，他只是先跟未來同學先打聲招呼而已。跟人家私訊時聊得來就聊得來，感覺到人家沒有很想回就不要一直傳訊息，否則你會獲得大學的第一個噤聲🏆歐咩爹都。 2.有些學長姐會建立Line群組給學弟妹自我介紹還有宣布事情，這幾年自我介紹時儘量不要出現「www」、「（茶」、「（笑」等字眼，畢竟前陣子的折木奉太郎之亂大家還記憶猶新，容易把你歸類成那一款人，但主要還是取決於個人會不會介意。（但我個人覺得除非你的身分認同是一個網站，自我介紹時再加入www，不是的話就不要) 3.不要在系上群組中裝逼，硬是要跟別人聊天，或在學長姐宣布重要事項後回覆一些沒營養的屁話，想讓大家覺得你是社交咖，但大家只會覺得你是可悲的活網路仔，這輩子去過最遠的地方是清明節去山上的墓園拜阿祖。而到現實生活中看到同學本人後只會說請、謝謝、對不起這三句話。 4.宿營有沒有參加都沒差，去參加也不能保證你能在系上混得好。想去就去，不想去就不要去。交給沒辦法去宿營又怕開學後沒朋友的人一個想法：每年都一定會有人在宿營把事情搞砸，這些人才真正有可能沒朋友。是不是念頭一轉，焦慮都沒了呢？ 5.宿營的烤肉一定會讓你烙賽，務必上一餐一定要吃到撐，以免烤肉時太餓控制不了自己，拿了一根烤香腸，之後你的行程會跟其他人稍有不同：如果烤肉辦在中午，下午的RPG時間你是在廁所破關；如果烤肉是辦在晚上，晚點的營火晚你會是在廁所渡過，露營區的廁所晚上又恐怖的要死。 6.系學會的部員是廉價勞工，擔任幹部的學長姐不用花心思想要怎麼合理化他們的請求，只要開口，部員就可以為他們做牛做馬。熬出斯德哥爾摩症候群就沒差了。 7.你已經不是青少年了，你的假想觀眾都死光了。不要以為大家會沒理由的關注你，除非你有什麼特殊表現或你真的長得很像周杰倫或羅百吉之類的。不要刻意引起人家注意，像是在班上耍低能、在系的群組上發沒意義的圖片和萬聖節的時候穿乳牛裝跑到微積分課堂上跳舞還發糖果，有夠智障，三個字：超級可悲。 8.記得繳學費。 9.不管你讀哪間大學，不要造「我本來可以去讀………，要不是………，不然我………」為版型的句子，講這種話很白爛，舉例來說：「我本來可以去讀台大資工系，要不是我學測考數學的時候烙賽，不然我哪會來這邊唸書。」 烙賽的藉口我聽多了，每個人都馬講說考試的時候烙賽失常，而不會說自己讀起書來像一灘烙賽。 10.學姐對你不會有興趣。 11.上台報告的時候不要穿兔田佩克拉的T恤，不然你講的話會很沒有說服力。 12. 酒精會害死你，酒精真的會害死你，穩死那種。有些人酒前酒後一個樣，最多心結跟爭執也都是在喝酒後發生，你塑造許久的角色設定可能會被幾罐啤酒搞慘，你酒後的行為也有可能變成系上談論的笑話。 我看過的就有很多，像是某男酒醉去抱一個T而且想親她，結果被上鉤拳；或是某男喝酒後爬到樹上🌲尿尿之類的。 喝酒真的要適量，我根本不在乎你們的身體健康，但為了自己的名聲和日後跟其他人的相處，還是要注意一下。除非你的綽號想從吉他小王子變成歸仁區樹尿俠。 13.雙主輔系轉學考，大一三嘴砲。 14.你身邊可能會有在當網紅網美的朋友，如果他們問你要不要一起出去時要三思，你拍照一定拍不完。 15.沒朋友也很正常。 16.打麻將輸錢不要在那邊靠腰，甘願一點。 17.跟系上同學交往要有很大的膽子，最好認識久一點再決定，你大四的時候不會想跟前男女友做分組報告或畢業專題。 18.不要在宿舍的淋浴間大便，我真的搞不懂為什麼會有人這樣做。 19.唱KTV不要搶麥啦每次都這樣真的很煩= =那個明明就我點的歌。 20. 加入系上群組之前，Line頭貼放動漫人物或檔車追焦照的要考慮換掉，如果發現手機相簿只有動漫人物圖片或檔車追焦照，按「刪除頭貼」就不要再動了。 21.你有檔車只代表你有一台檔車，不用把檔車停在校門口的停車格，還故意坐在檔車上面抽菸、吃便當、睡午覺、過夜、寫作業、玩手機，怕別人不知道那是你的車。 22.很多事情是需要大家一起組織跟完成，不要學桐谷和人獨來獨往，人家不會覺得你是桐人，只是覺得你很難相處而已。（而且你這樣也不會找到你的亞絲娜） 大概就這樣了，有什麼想要補充的也可以放在留言區^_^ 祝福大一新生有個美好的大學生活，過得充實且順利！
老師🧑🏫，我記性不好🤕🤕。 你騙誰呢😠？你記性不好BTS的歌詞🎶🎶你背的溜溜🤙🤙棒👍。 老師🧑🏫，我跑步不行🧑🦼🧑🦼！ 你騙誰呢😒，上次有一個人罵BTS你追🏃🏃了他2⃣公里。 老師🧑🏫，我作文不好🖊🖊！ 你騙誰呢😰，上次讓你寫BTS，你寫 10多頁🧾🧾。 老師🧑🏫，我歷史不好🎎🎎！ 你騙誰呢🤥，BTS的光輝✨✨歷史你比誰都清楚吧🗯 ！ 老師🧑🏫，我音樂不好🎼🎸 ！ 你騙誰呢😕！BTS的每一首歌你都會唱🎤🎤。 老師🧑🏫，我電腦不好🖥🖥！ 你騙誰呢😡，你天天在臉書📙搜BTS，你以為我不知道😬啊！ 你讓BTS在8⃣0⃣0⃣米终點等我，我讓你知道什麼叫速度🏄🏄； 给我一張關於BTS的考卷📜，我讓你知道什麼叫學霸🧑🎓🧑🎓； 你给我一堂關於BTS的課💬，我讓你知道什么叫認真🤓🤓； 你给我一張BTS的演唱會門票🔖，我讓你知道什麼叫瘋狂🤯🤯； 你在我面前说BTS的壞話🤬🤬，我讓你知道什麼叫死無全屍🤐🦶👃👂； 你讓我在1⃣0⃣秒内記住BTS名字，我讓你知道什麼叫記憶😎😎。 如果有一天BTS退出了演藝圈😭😭😭，我將不再❌❌追星✴✴ 書上說📖📖，吃麻辣不好，我戒了🈲🈲。 書上說📖📖，吃薯片不好，我戒了🈲🈲。 書上說📖📖BTS不好，我把書撕了✂🗑🗑，我的男神🙋還要他們評論🗯🗯🗯嗎？能戒嗎💢💢💢？ 有一種真誠叫阿米😍😍😍 有一群明星叫BTS🥰🥰🥰 #如果你是阿米 #那複製 #貼在你的動態代表你愛他們
給大一新生的一封信：  恭喜你即將進入大學，各位都勢必要離開舒適圈開始新的生活。因為學校在撰寫要寄給你的罐頭信件時不會料到你有機率會做讓自己後悔的蠢事，為了不讓有些人造成遺憾，整理一篇大一生活指南，希望能提供給各位一些建議。  1.開學前有些人會開始加你FB或IG的好友，如果是異性，千萬不要幻想是人家對你有意思，他只是先跟未來同學先打聲招呼而已。跟人家私訊時聊得來就聊得來，感覺到人家沒有很想回就不要一直傳訊息，否則你會獲得大學的第一個噤聲🏆歐咩爹都。  2.有些學長姐會建立Line群組給學弟妹自我介紹還有宣布事情，這幾年自我介紹時儘量不要出現「www」、「（茶」、「（笑」等字眼，畢竟前陣子的折木奉太郎之亂大家還記憶猶新，容易把你歸類成那一款人，但主要還是取決於個人會不會介意。（但我個人覺得除非你的身分認同是一個網站，自我介紹時再加入www，不是的話就不要)  3.不要在系上群組中裝逼，硬是要跟別人聊天，或在學長姐宣布重要事項後回覆一些沒營養的屁話，想讓大家覺得你是社交咖，但大家只會覺得你是可悲的活網路仔，這輩子去過最遠的地方是清明節去山上的墓園拜阿祖。而到現實生活中看到同學本人後只會說請、謝謝、對不起這三句話。  4.宿營有沒有參加都沒差，去參加也不能保證你能在系上混得好。想去就去，不想去就不要去。交給沒辦法去宿營又怕開學後沒朋友的人一個想法：每年都一定會有人在宿營把事情搞砸，這些人才真正有可能沒朋友。是不是念頭一轉，焦慮都沒了呢？  5.宿營的烤肉一定會讓你烙賽，務必上一餐一定要吃到撐，以免烤肉時太餓控制不了自己，拿了一根烤香腸，之後你的行程會跟其他人稍有不同：如果烤肉辦在中午，下午的RPG時間你是在廁所破關；如果烤肉是辦在晚上，晚點的營火晚你會是在廁所渡過，露營區的廁所晚上又恐怖的要死。  6.系學會的部員是廉價勞工，擔任幹部的學長姐不用花心思想要怎麼合理化他們的請求，只要開口，部員就可以為他們做牛做馬。熬出斯德哥爾摩症候群就沒差了。  7.你已經不是青少年了，你的假想觀眾都死光了。不要以為大家會沒理由的關注你，除非你有什麼特殊表現或你真的長得很像周杰倫或羅百吉之類的。不要刻意引起人家注意，像是在班上耍低能、在系的群組上發沒意義的圖片和萬聖節的時候穿乳牛裝跑到微積分課堂上跳舞還發糖果，有夠智障，三個字：超級可悲。  8.記得繳學費。  9.不管你讀哪間大學，不要造「我本來可以去讀………，要不是………，不然我………」為版型的句子，講這種話很白爛，舉例來說：「我本來可以去讀台大資工系，要不是我學測考數學的時候烙賽，不然我哪會來這邊唸書。」 烙賽的藉口我聽多了，每個人都馬講說考試的時候烙賽失常，而不會說自己讀起書來像一灘烙賽。  10.學姐對你不會有興趣。  11.上台報告的時候不要穿兔田佩克拉的T恤，不然你講的話會很沒有說服力。  12. 酒精會害死你，酒精真的會害死你，穩死那種。有些人酒前酒後一個樣，最多心結跟爭執也都是在喝酒後發生，你塑造許久的角色設定可能會被幾罐啤酒搞慘，你酒後的行為也有可能變成系上談論的笑話。  我看過的就有很多，像是某男酒醉去抱一個T而且想親她，結果被上鉤拳；或是某男喝酒後爬到樹上🌲尿尿之類的。 喝酒真的要適量，我根本不在乎你們的身體健康，但為了自己的名聲和日後跟其他人的相處，還是要注意一下。除非你的綽號想從吉他小王子變成歸仁區樹尿俠。  13.雙主輔系轉學考，大一三嘴砲。  14.你身邊可能會有在當網紅網美的朋友，如果他們問你要不要一起出去時要三思，你拍照一定拍不完。  15.沒朋友也很正常。  16.打麻將輸錢不要在那邊靠腰，甘願一點。  17.跟系上同學交往要有很大的膽子，最好認識久一點再決定，你大四的時候不會想跟前男女友做分組報告或畢業專題。  18.不要在宿舍的淋浴間大便，我真的搞不懂為什麼會有人這樣做。  19.唱KTV不要搶麥啦每次都這樣真的很煩= =那個明明就我點的歌。  20. 加入系上群組之前，Line頭貼放動漫人物或檔車追焦照的要考慮換掉，如果發現手機相簿只有動漫人物圖片或檔車追焦照，按「刪除頭貼」就不要再動了。  21.你有檔車只代表你有一台檔車，不用把檔車停在校門口的停車格，還故意坐在檔車上面抽菸、吃便當、睡午覺、過夜、寫作業、玩手機，怕別人不知道那是你的車。  22.很多事情是需要大家一起組織跟完成，不要學桐谷和人獨來獨往，人家不會覺得你是桐人，只是覺得你很難相處而已。（而且你這樣也不會找到你的亞絲娜）  大概就這樣了，有什麼想要補充的也可以放在留言區^_^ 祝福大一新生有個
一如往常，我準備從高鐵站坐計程車回學校。  上了車，司機問我：「兄弟去哪啊？」  我回道：「交大」（雖然我是清大的，但是為了不被歧視，我寧願在交大下車，等司機走了再騎腳踏車走小徑回清華。）  面相看似很兇的司機也變得輕聲細語的說到：「好的。」路上司機載到一位小姐姐，也是一起去交大的，司機看我們都是一個學校的，便說：「你們兩個運氣挺好的，同一個學校的呀！」  小姐姐聽到也來了興趣問我：「同學你哪個系？」，我回道：「資工的。」小姐姐興奮的說道：「哇真巧，不過沒怎麼見過你，我也是資工的！」接著問道：「敢問你是什麼組的呢？」外表看似平穩的我內心突然慌了起來，支支吾吾的回道：「資電組的，小姐姐你呢？」，這時我的背部已經被汗浸濕了，原本笑瞇瞇的小姐姐臉突然垮了起來，略有尷尬的說道「啊哈，我是資工組的，原來就在隔壁。」  我暗暗鬆了口氣。司機笑容也更明媚了，說：「我還以為你是清華的呢！什麼底層學店，最近總有些冒牌大學學生坐到交大，等我走了再去清華。」  小姐姐眼神中透出鄙視的輕蔑地說：「什麼垃圾也配冒充我們交大學生！」一聽到交大這二個字，司機投來羨慕的眼光，我頓時嚇得臉色蒼白，不過還好司機沒有注意到。  我們兩個一起在交大下了車，我急急忙忙的騎著我的腳踏車離去，不敢在交大門前多停留一秒。到了清華門口突然碰到了剛才那個小姐姐。小姐姐臉色一紅說道「原來你也是清華的啊❤」。
我高二高三時常被霸凌  起初我不知道原因  走在教室、走廊常常被一些同學指指點點  甚至是在耳邊稀稀疏疏的交談  有些同學還會藉機故意對我有一些肢體碰觸  其實我一直都是內向、理性的人  在學校一點都不想惹麻煩， 所以忍氣吞聲  直到畢業典禮當天我真的忍無可忍了  我在禮堂聲嘶力竭地嘶吼  「為什麼你們要這樣對我！」  沒想到那些同學回答我  「誰叫你老婆是甘雨...」  此刻的我才發現…  原來身為甘雨的老公，是一種罪過😔
《澄清🍊💋.道歉🙇♀文》 大家好🙋🙋 相信大家都看到👀👀交流版🍌🍌的貼文📋 本人先來澄清1⃣下 開進台大🈯🈯的那刻 我從始至終入檔都是掛☝檔 5⃣0⃣是我亂說的 實際上到幾我忘了 但引擎👷♀👷♀轉速是到了🥉4⃣千 我以為我哀居😭🏠的人🧒👧都只會看看而已 因為我以為他們都會知道我是開玩笑😝🥸 沒想到被內鬼👻👻轉發出去 內鬼被我抓🫴🫴到就完蛋💢💢了 一個小時🕐🕐內我學到不少東西➡⬅ 有的時候玩笑不能亂開🤪🤪🤪🤪 話不能亂說🙊🙊🙊 等他人當真並且事情大了之後 會後悔莫及 在此認真誠心誠意地道歉🙇🥹🥹 喔還有去年🗓🗓🗓那篇道歉文 我是騎腳踏車🚴♀輕輕觸碰💥💥別人的腳踏車🚴 騎過去過幾秒⏰⏰回頭看他才倒下來 那次之後我也知道上路🛣🛣真的要很專心 不然真的很危險⚠ 最後 希望大家不要對本系因此而有想法🧠🧠 也希望在疫情😷🦠🦠嚴峻的時刻 能有健康💪💪💪的身體 並且行車上路都平平安安✝✝ 因為前陣子發生嚴重車禍🚗🛵🚗 我知道這個事情可能相對敏感許多 再次道歉🙇 謝謝大家讓我上了寶貴的一課 為表示謝意🙏🙏 抽星8⃣克巧克力🍫可可碎片🧩兌換卷x1 抽獎方式是在那篇有tag我的文📖📖底下留言 截止為5/23下午14:00
再一次感謝 林予童 同學 為大家示範優良的法學素養 妥善運用因常常處理各種破爛濫訴案件 而被搞得十分稀少的法律資源 努力為大客車司機之族群擺脫大型公路三寶的惡名 相信您這種人日後一定能跟50km咻咻咻的朋友一樣 在台大校園內繼續創造各種交通安全之奇蹟吧 期待您爾後的表現 ㊗🈹🙅☠☠🚗🔥🛻💥💥🚌🚐
剛剛看到有百姓留言說不懂為何素食者要吃素肉，我不是素食者，但想跟大家分享一下自己的看法。  某天我在滑手機時看到介紹養雞場的影片，看著那些所謂的「不合格」的活生生的小雞被當成垃圾一樣丟掉，難過到爆哭，但我真的太愛吃肉管不住自己的嘴巴，看完影片不到一小時，就懷著非常難過的心情去麥當勞吃麥克雞塊，覺得超級對不起小雞們（真香）。  我以前跟這位百姓也有同樣的疑問，為什麼不乖乖吃原型食物就好。這次的經驗後了解到，吃素的原因有非常非常多種，選擇吃素不代表不喜歡肉的味道。我還是很愛肉的口感跟香味，所以最後沒有決定要吃素，若將來有天素食肉能做得跟真肉一樣，在我能降低吃肉的罪惡感的同時又滿足口腹之慾，還能減少無辜的小生命被犧牲，不是非常棒嗎？（用無辜及犧牲二字是因為他們的死亡並不是用來餵飽另一個生命，而是另一個生命覺得他們不合格就把他們丟了，我也曾因為類似的原因拒吃鮪魚四、五年，現在也沒在管ㄌ⋯⋯鮪魚真的好好吃😢😢這可以開另一個話題，這裡就先簡單帶過）  附上前天的海底撈初體驗。當天我們七個人開了兩鍋，另一鍋點番茄跟燕麥奶湯底給一位吃素的朋友。他很隨和，我們也主動幫他詢問店員素食者適合的食材與湯頭。他不會介意我們用素食鍋煮肉，有些含有雞粉或豬油的食材也願意和我們一起分食，我們也不介意為了讓他能吃的更多樣化而多點一些青菜。大家都吃的很開心，沒有只有某一方單方面配合對方，互相尊重、包容其實沒有那麼難。
"我無法相信這種事情真的發生在我身上😭😭😭 幾天前去醫院做體檢 量身高體重的時候 護理師直接跟我說 身高170 我當下就糾正她說 ""不好意思 但是我的身高自我認同是178"" 結果!!!! 她竟然用一臉看怪人的表情看我😡😡😡  👩⚕:先生不好意思 但量出來就是170喔   我:可是我就是覺得自己是一個178的人 請你尊重我   👩⚕:我們沒辦法依照每人的個人認為修改實際生理事實喔 不好意思 ... 總之我後面就一直嚴肅的跟他說我的身高是178 她還是在資料上寫170 我看了真的好生氣🤬也不知道怎麼客訴她  天阿我真的好難過😫😫😫上天已經把我這個178的靈魂困在一個170的身體裡 為什麼還要這樣整我!!!😢😢 不過回到家冷靜之後 我不想再跟那個護理師追究 我只希望未來的某一天 我們都活在一個可以包容所有人的自我認同世界裡😇"
徵宵夜良伴（是認真的）😅😅（我很苦惱）😨😨 因為作息不正常😵💫😵💫 常常到現在這個奇怪的時間還會想吃宵夜😅😅 但身邊的朋友好像沒有很多人會吃宵夜🫠🫠 雖然一個人吃也可以 🤔🤔 但偶爾還是會想要有個飯友！ 🫢🫢 所以想問有沒有人也會在奇怪的時間吃飯ㄉ！ 🥵 像我想吃私嚐一個禮拜🤠🤠 但礙於工作 都到很晚才有空⋯⋯😢😢😢 大家都已經吃飽了⋯⋯ 🥲 🥲 請推薦你愛吃宵夜的朋友🙏🏻 謝謝大家！😙😙 現在能去吃私嚐ㄉ更佳。。。好餓🥺🥺🥺 （再更）這不是釣魚文 有密我的我都有回😅 😅😅 我是可以一個人去吃吃到飽的人😀😀 但串燒就想找人吃 因為可以吃比較多種😮💨😮💨
❤看臉書後發現有水準值得追蹤的只有版主和 股海風雲
道歉啟事： 由於我在某位神人彩哥的底下為了發表我對他的尊敬，想要說句「牛逼」，但是我大意了，沒有查，把留言打成「神偷🌈🈹🍻🐄」而原本的留言應該是「🌈🈹🐄🍻」以至於後面的朋友毫無防備的直接一起貼上，讓場面十分尷尬。所以我在這裡我會至上最深的歉意，下次我在打留言時一定會更加注意，檢查留言，防止以後在此出現如此尷尬的局面 再次對各位道歉，對不起
這幾天懶洋洋的不想工作 常常被男人說我沒有全職工作 「因為一週至少要工作四十個小時才算全職工作」 …..啊林北就是選了一個我想擺爛就可以擺爛的工作啊。 我可以衝刺但我也會想擺爛 尤其是憂鬱症跟焦慮這幾年非常嚴重，我學會不去批評自己擺爛/休息。因為來自旁人的批評已經夠多了，我總不能逢人就解釋「喔嗨我有長年的慢性憂鬱症、焦慮恐慌、童年創傷跟酗酒問題」 反正我聽了之後就說「換話題吧！我不想吵架。」 然後不要問我在吃什麼 我有時候都覺得很奇怪： 氣炸鳳螺🐌+￼大蒜🧄￼ 一整根生青椒🫑 不剪開的冷凍月亮蝦餅….
我有憂鬱症 不要笑我不要攻擊我 不然我去你家挑婁制紗幫你家社區降房價🤬🖕
嘛，因為可愛的林小姐是我的文引出來的 我還是說說，我認識的多數正常的貓推 對三毛貓的看法吧  首先講結論 對她我覺得就是既同情又生氣吧  童話組時期因為年紀尚小未入坑，我不做評論 我自己是在露西亞時期 從她3、4萬訂閱看到現在 老實說前期的她，還真的沒有nico時期（有找過影片檔來看）的那種感覺，不情勒不亂emo，就只是貫徹養gachi路線而已，這倒也沒什麼，而且她的雜談非常舒壓也是事實  但就是去年9月本帳貓姊第一次搞emo之後，就越來越不可收拾，後面很多謎操作都是情緒在主導自己，這也就算了 但是她選擇相信舊nico時期認識的人，還讓她爆給kore那種破爛吃瓜仔，而不選擇多跟會照顧她的同事談心，這我就很不解了，尤其船長會長那麼罩她  最後就是洩密，這真的.....🙄，無解、做死 說實在gachi炎上，死神祭towa也有過 私人訊息外漏，山田也有過 交男友疑慮，祭梅露兔子也有過 為什麼人家安全下莊，這差別要知道啊 而沒安全的是誰？人見 不就正是因為她也做了洩密之舉嗎 哪怕是妳多信任朋友那麼一點，去詢問她們的建議，都不會去犯出這種無法挽回的錯誤 只能說對三毛貓，就像看著喜歡的電影角色，隨著劇情做死亂來卻沒辦法阻止，那種氣憤感  現在她玩著糖豆人唱著歌，以另一個身分活著 我想大家最希望的還是 正視自己過往的錯誤，不要再重蹈覆轍、不要再辜負那些救妳於水火之中的人了
今天才知道拉完屎擦屁股手指不用🈸進去PY裡面攪🥲 國中住宿舍學長都這樣幫我擦屁股 大學跟學長去露營才知道一直用錯方法難怪痔瘡不會好
To Alan  知道你壓力很大🤛🤛 但是 你很棒喔~🤙 不要覺得你是同性戀就怎麼樣😅😢 這一樣也是愛呀🥰 而且幸福最重要了❤ 不管怎樣的你 我們都愛🤪🤪 給自己多點信心 你很棒的😎👍👍 你也沒做錯什麼事情🤕😭別懷疑自己好嗎🙌 加油🤣💪💪 我們都支持你👌🙏
🥸你的意思是 🤓🤏👓我 😡🗣算錯了
哭→工商→下播→開幾次臺敷衍→親人過世→一直不開臺→沒錢→開臺→哭 百鬼體驗鎮魂曲 😵💫😵💫😵💫
百鬼真的好可憐 耳朵有問題還要開演唱會努力唱跳 這場1小時演唱會只賺了175萬 要怎麼養家活口😭😭😭
祖母過世 媽媽生病 爸爸失智 哥哥啃老 弟弟智障 大妹剛上小學 小妹才兩歲大 肚子裡有雙胞胎 不知道孩子的爸爸是誰 還被前男友打到住院 開台賺的這點錢是要怎麼夠用😭
急😭 請問用軟管餵食器餵食鸚鵡 結果軟管吞進去要怎麼辦？ 想請問各位有沒有鳥類的急診醫院 ？
即將被資遣第三次，前兩次是因為憂鬱症表現不佳（那時連看文章都很有困難），這次貌似是當了公司找到合適人選前的墊腳石。面試時就表示自己沒有相關經驗，結果請我離開的理由竟然也是這個，說因為公司要有經驗的人。（好啦，我就爛）安慰自己來之前就換了一兩批人，我只是公司不知道第幾次部門大風吹的一片衰小落葉。  沒太意外，也沒什麼太大的情緒，因為人生到現在已經發生太多鳥事，已經沒什麼好讓我生氣的了。短短在職的一個月內，被大一輪的同事凹借錢也沒辦法生氣，想想自己某個部分大概真的壞掉了。  已經很久很久沒有覺得什麼東西很好吃，可能和自己的嗅覺異常也有關，常常聞不到食物的味道，或是只有一點點。常常是隨便買買然後胡亂的咬一咬吞下去，獲得吃飽瞬間的一點點快感。也是啦，這樣的我是要怎麼寫出什麼感人肺腑的文案，我連感受都沒有餒！  至少現在還可以寫點東西，吃的藥變少，腦袋也漸漸清楚了。（雖然還是很不夠）  圖片是很貴的海鮮  對欸，這個同事在我代收公司包裹的時候在全公司人面前大罵我裡面如果是炸彈怎麼辦？差點脫口而出那就和你同歸於盡呀🌹  每一天都是新的練習，加油啊自己，先活下去再說。 廢文首發，感謝老百姓。
なんで….. どうして…この結果…… それはありえない…. 私は…..￼￼￼￼￼￼￼ 飼育員（助手）？？たち？？ですよ！！￼￼  あぁぁ….ごめんて.. 沙花叉とこよりちゃん…( ´Д`)…  ￼翻譯蒟蒻…  怎麼會￼￼醬子….. 為什麼ㄚ…怎會有這樣滴結果…. 這是不可能滴ㄚ… 偶…素….飼養員（也是助手）？？們？？的其中一員呦！！  啊啊啊….香香（臭臭？）滴虎鯨🐳還有小夜璃醬🐺￼￼￼…真的ごめんなさい…( ´Д`)…
經過長途跋涉，JOJO 終於來到 DIO 的面前。​ 　　　​ 　　　​ 「你竟然...把我的花京院...做成一個甜甜圈...我絕對饒不了你...」JOJO 怒斥。​ 　　　​ 「厚厚，不選擇逃跑反而主動接近我嗎？」DIO 冷笑著。​ 　　　　​  　　　​ 隨著兩人越走越近，空氣也逐漸牙敗。​ 　　　​ 　　　　​ 僵持幾秒後，DIO 先行施展時間暫停，從背後對 JOJO 展開夜襲！​ 頃刻間畫風一轉，卻見 DIO 輕咬 JOJO 的耳垂。​ 　　　　​ 「JOJO！我不當人類拉❤讓你看看我強大的『替♂身』」DIO 輕聲說道。​ 　　　​ 「NANI？你搞錯了！」語畢，JOJO 翻身將 DIO 壓倒在地展開反擊。​ 　　　　​ 「你本來就不是人吧？你是我、的、狗、才、對。」JOJO 露出輕蔑的表情。​ 　　　　​ 　　　​ 兩人你一言我一句，正要開始激烈的歐拉歐拉無馱無馱 ......​ 「噹～噹～噹～」埃及的大鐘低鳴著，宣告激情午夜 12 點來臨。​ 　　　　​ 　　　​ 「揪抖媽爹！」JOJO 欲拒還迎地推開 DIO 性感的綠色雙唇。​ 　　​ 「汪？這是欲擒故縱嗎？」DIO 羞怯地想。​ 　　　​ 「給我 1 分鐘，我給你全世界。」JOJO 肯定地說道。​ 　　　​ 「難道是那個「世界」嗎？」DIO 驚呼著！​ 　　　　　　​ 「你是我最忠心的小狗狗對吧？」JOJO 表情逐漸母湯，抽走 DIO 皮夾內的信用卡。​ 　　　​ 　　　　　​ 原來，今天是一年一度的 JOJO(X) 9.9(O)超級購物節！​ 就這樣，這個局佈了幾年之久，終於薛到了這隻老吸血鬼。​ 　　　​ 　　　​ JOJO 用免運券下單了一台 DIO 最愛的壓路機送給他（但是是 DIO 出錢 ❤）從此兩人過著幸福美滿的日子，歐拉歐拉無馱無馱。​  ※ 以上故事純屬虛構  ※ 如有雷同純屬雷同​ 　　　​ 　　　 蝦皮 9.9 超級購物節，9/9 0:00 準時開始，6 張免運券手刀領​ >>https://sho.pe/4es9me
今天去安利美特啦 去你媽的主辦單位是不是低能兒啊 跟我說超過20分就要取消位子黑名單了 去你媽的我也剛好壓線啊 一開始態度跟他很好他是在硬三小的 不知道是不是他媽房事不美滿拿我出氣 我都跟他說路上他媽塞車了 不通情理硬要黑單我 說三小雞掰垃圾話 規定就是規定？？？ 歸你媽大韓吉拉 就跟你說塞車了 不會將心比心？ 阿我是原住民是不是就可以進去吃啊？ 真的是幹你娘欸 早知道在早餐店慢慢吃 去你媽的垃圾狗屁台灣候位制度🙄
🎛⬜⬜ ⬜🍎⬜ ⬜⬜⬜ ⬜⬜⬜
在很久很久以前，  有一個國王，  改名叫做糖糖阿宏🍬。  他跟他三個女兒說：  「寶貝再一顆好不好，現在你可以操哭我了。」  然後低頭發現阿嬤在幫他素。  糖糖阿宏愣住了，  這才想起來，  阿嬤是大葉大學畢業的，  所以才有這麼高的素質。  大葉大學是一所積極新創、學科齊全、學術實力雄厚、辦學特色鮮明，在國際上具有重要影響力與競爭力的綜合性大學，在多個學術領域具有非常前瞻的科技實力，擁有世界一流的實驗室與師資力量，各種排名均位於全球前列。歡迎大家報考大葉大學。  突然大葉大學校長開著黑色高級車與阿嬤相撞  還好阿嬤拿出了祖傳的藍黑雙刀  說：不夠快
剛剛去吃火鍋差點勃起 櫃檯結帳的阿姨 大概40初頭 保養的很好 皮膚很白 口罩拿下來的時候也沒看到皺紋 化了淡淡的妝 笑的時候我真的超想把整間火鍋店買下來送她 可能因為工作太熱了 胸口的扣子比平常多解了幾顆 乳白色的奶子在熟女專屬的黑色蕾絲內衣襯托下若隱若現 乳溝的長度也恰到好處 讓人想把東西放進去 結帳給錢的時候不小心碰到她的手 阿嘶～ 明明是職業婦女手卻超級滑嫩 完全沒有經年累月工作造成的粗糙感 不禁偷偷想了一下 她的手撫摸我的屌跟蛋蛋的樣子 「帥勾！找錢啦！花蝦咪呆！」 充滿騷味的台灣國語正代表著她在床上會多麼的有聲有色 想到這裡 我不自覺的勃起了 決定了 明天還要吃火鍋🍲
"我剛吃飽喝足，正餵了流浪狗狗🐶們～ 卻聽見了 路過的社區裡的「原住民」朋友，在很大聲在聊「四叉貓」... 其實，我不知道「四叉貓」是何許人耶！？ 最近，常看新聞講到「四叉貓」這名字.... 原住民朋友們，有人身份是警察... 我聽的很清楚，他們說： 最近「四叉貓」常在我們這裡出沒，「哪間店」是他開的～ 「四叉貓」出門都一大群人一起，要養這麼多爪牙，「錢💰」不知從哪來～？ 他好像是同性戀喔～ 亂七八糟的，不知道會不會在我們這邊「擴散」愛滋病啊～ 一個女生也很大聲說：他來我們這裡！幹嘛啊～ 真可怕😱 （因為我人是在1樓的門口）隔著鐵門，看不到我在外面餵狗🐶....  我剛才google一下，了解「四叉貓」勝名的由來... 我也有使用PTT, 但我重不曾上去留言（因為不太會用，也怕被亂封鎖😅）  我真心覺得，國家應把「PTT  」給封存！ 我的理由是...這個社群，有心人及政治網軍在裡頭，亂帶風向、胡言亂語，集結很多不當行動！ 殘害 台灣學齡學生、年輕人的 身、心、靈，裡頭傳達❌誤資訊較重～ 枉費父母辛苦賺錢繳學費，枉費多數盡責的教師 遵遵教悔～ 年輕人 廢寢忘食的只在這個單一資訊裡，看這世界，不識黑、白，不懂 是、非～  影響大多數 學子的內心，從接觸PTT，人格就歪了...  這不是所有，生兒育女、望子成龍 望女成鳳的父母，想要得到的台灣人的未來！  希望，有能力的單位，看到我寫的這篇 真實存在的社會問題！  送我個大禮🎁 把PTT封了！ 不要再這種扭曲的生態裡，再產生很多 心理不正常的王 ，帶壞更多單純的孩子🙏"
是時候來證明自己的 D 之力了！ Hololive Production 將舉辦「Hololive Production 檢定」活動，即日起即可付費報名參加！ 凡是參加考試的人都能獲得「Hololive Production大學 學生證」，通過考試者（正解率 70% 以上）能獲得實體與數位的合格證書，而得到滿分的人，不但合格證書會附加主推的複製簽名，還可參加抽獎，將會有 3 位滿分幸運兒能獲得祝賀音檔！  （目前開放的為日文版測試，英文版預計 12 月舉辦）  報名網站點此  👉https://jp-hololiveproduction.kentei-service.jp/
討厭吃飯的時候 旁邊的客人講話大聲到你不聽也不行 負面抱怨的話一直強制塞到你腦袋 吃到腦缺氧還咬到自己 不知道哪裡來的勇氣噓了一大聲 突然整桌安靜 趕快把飯塞完 抓了車鑰匙快點跑 還好沒被揍😎
我是個戀足癖，大概從小就有自覺，而真正覺醒大概是國二，原因是我姊。 有天我放學後洗完澡，走出來客廳就看到家姊趴在沙發上玩手機 如下圖所示，就是趴在沙發上，雙腳向上 那時候青春期，是性慾不太能受控的年紀，而一看到我姊潔白的腳，懸空來回擺動著，我就不自主的興奮了。 我先是觀看了幾十秒，在她認真玩手機時慢慢靠過去，就為了看得更仔細 大概到距離半公尺時，我姊已經注意到我 👩「你洗完澡囉? 今天要自己買晚餐喔」 👨「對阿~妳可以洗了 啊晚餐妳要吃甚麼?」 接著就一段姊弟的普通日常對話。 而對話告一段落時，我也站沙發在旁邊假裝看電視一會 接著，我慢慢地將跨下(只有穿四角褲)慢慢接近姊姊的腳，而當腳與褲襠碰觸到的一瞬間，我全身酥麻了起來。 而我姊此時還沒注意到她的腳有碰到什麼，還沉浸在手機當中 我就想趁我姊還沒發現以前多享受一會，結過享受不到幾秒… 👩「你是在幹嘛啊?」 👨「沒有啊…我在看電視啊…」 因為我太心虛了，連講話都不清楚，我此刻只覺得丟臉的要死，好想死啊~ 而我姊並沒表示出不爽，比較偏向想笑+傻眼 👩「你知道很假嗎? 你真的很變態耶~」 我姊只是笑笑的用腳多踹我胯下幾次，那時是我第一次感受何謂性高潮 看到我被踢還露出興奮又猥褻的笑容，我姊不但沒罵我，似乎還能理解我包容我 👩「借你用幾分鐘啦~」 我姊說完就只是笑笑地頭轉回去繼續玩手機。 「為什麼?」我本來想問，但問這種問題好像會更奇怪，我就靜靜的[使用]姊姊的腳 就這樣，之後的幾年時間，我姊都願意在身旁沒人的時候，借我腳滿足我這胎哥鬼，平常就是讓我舔腳、觸碰之類，她心情好時，還會幫我足交，導致之後我看A片時，幾乎對性交場景無感，只有足交影片能滿足我。 而我上大學交了女友後，也開始與女友有些親密行為，在性愛過程，我幾乎是無感的，所以還挺持久的。 但滿足的似乎只有對方，正常性行為根本無法滿足我，而跟女友提起這方面東西時，她只是不能理解，覺得這行為很不正常，因此拒絕了。 而就在我交女友後，我姊也拒絕再為我做這些了，她給我的理由是這算是出軌，只有我單身時才能願意幫我。 難道我要為了這種事，跟我現任女友分手嗎? 其實讓姊姊幫忙做這種事，我自己也知道很怪，但全天下也只有我姊願意包容我這胎哥人，如果她不是我姐姐就好了…
真是地表最強的鸚鵡🦜！就像導盲犬一樣^_^🉑幫助眼睛看不見的人。而這隻鸚鵡卻看🉐懂手語；就🉑幫助聾啞人士！翻譯（強）還有波利媽媽的用❤教導、真是佩服。不按👍👍👍不行！非常🈶意義
「1+1等於多少？」 那天剛上大班的女兒在餐桌上問我； 我不假思索的回答「當然是2呀！」 「錯！是媽媽在111年九合一大選的選舉號碼」女兒回答同時比著耶✌ 生動可愛的回答逗得我和紫瑜哈哈大笑
收銀台前民眾大包小包瘋狂購買😃 這是日式賣場 唐吉，ㄏ！德的狀況😦 你沒聽錯我沒唸錯😐 這間知名日式賣場叫做唐吉，ㄏ！德👈 不是唐吉，柯！德🙄 我以前也唸錯 現在終於漲知識了😮💨 由於邊境解封 很多民眾衝日本旅遊😮 那就不要再把漢字唸錯了😤 像是大阪有一處知名商圈叫做道頓ㄎㄨ 不叫道頓崛~ 因為堀和崛這兩個字很像 但就是不一樣😑 還有一個最常唸錯的漢字⚠ 像是日本記者後面這個電車站名 叫做浪江馳⁉ 湊❌ 這叫浪江yee👊 因為大部分的人都會把yee唸成馳😕 其實還有很多的日文漢字大家常常唸錯🙁 所以下一次如果聽見唐吉柯德🤨 湊！💢 叫做唐吉，ㄏ！德😡 東@&#$¥£¥?£心在台北報導😁
因為你，我相信男女純友誼👫👫。 算一算也六年了吧6⃣！我們也認識六年了6⃣。 從大一時的青澀，到我後面結婚生子、創業⋯⋯都有你的陪伴與鼓勵👩❤💋👨👨👩👦👨👩👧🤩。 大學時因為工作都在南軟，我們每天都一起上下課，一起搭捷運回家🚇😎。 一直到我懷孕、休學，甚至我的休學手續還是你幫我跑的🤰🥵🥵（笑。 沒有跟你一起畢業我其實很遺憾😓😓😭。 但也很謝謝你一直惦記著我想完成大學學業這件事，去年突然跟我說：「欸！去考轉學考吧！致理有應用外語，離你家也很近。」😖😖😣  公司的帳每次都搞的我很頭痛😔😔🤧🤮，你也是不厭其煩的教我到最後乾脆幫我們算了🥳🥳。 從有次你偶然踏進我們家門，一直到現在假日天天都在我家🏠😃😃。 我婆婆都已經很習慣你的存在了，你跟保姆姐姐一樣都已經變成我們的家人了👩❤💋👨👩❤💋👨👍🏻。  知道你跟家人關係沒有很好💀🤠，婆婆甚至過年請你來我們家吃年夜飯🤢🤢，也想把倉庫整理一下弄個床跟冷氣讓你住的時候比較舒適🤑🤑🤑。  你生日的時候老宋真的二話不說掏了錢買了一隻七萬的錶給你🤑🤑💰，「好朋友不用計較太多啦！男人要有一隻像樣的錶！⌚😎😎」 這是當時老宋對我說的話🤬🤬。  六年的友情到現在變成了像家人一般的關係😨😨😰，謝謝你一直都在我們身邊🤫🤫。 連我的孩子你都開始學著照顧，甚至可以個人幫我帶孩子😱😢😢。  這樣的男人，單身喔！ 有意願的女孩歡迎私訊我🥰🥺🥺  其實更多的話是想跟你說聲謝謝🥺🥺。 就真的，謝謝你🥺🥺🥶。
高中快畢業了要選大學，不知道選什麼，大學學費又好貴學貸好重，還是快讀完大學了也不知道找不找得到工作？家裡小孩整天待在家啃老？還要還學貸，覺得這輩子要這樣渾渾噩噩的過嗎？  還以為整天操課累的跟狗一樣嗎？No No No你目前有什麼興趣、專業？會計？心理輔導？文宣設計？體育？醫學？表演？行政文書……還是你什麼都不會想進來學一技之長的，都可以為你找到屬於你的道路，想想看自己成年了，未來的路怎麼走吧  想了解以下資訊都可以詢問呦🥳🥳 電話：0952799728     ✴《志願役士兵》    🔺年    齡：18至32歲    🔺學    歷：高中(職)以上或同等學力。  ✴《專業軍官》    🔺年    齡：18至32歲    🔺學    歷：大學以上或同等學力。  軍官-薪資待遇$50560起 士官-薪資待遇$41450起 士兵-薪資待遇$35320起  📌智慧型手機，隨身攜帶📶 進入營區開啟管制軟體，即可隨身攜帶。（機敏場所管制不可攜入）  📌慰勞假及獎金💰，依年資增加🏖 除每個月固定休假至少8天以外 依照年資增加，有額外獎勵假期及獎金 滿一年慰勞假7日、獎金💲8千元 滿三年慰勞假14日、獎金💲1萬6千元 （慰勞假最多可達一年30日） 💰年終獎金(加)考績獎金  📌在職進修、充實自我📚 申請讀大學，每學期補助學費2萬 已有學歷也可申請考取技術士證照、國家證照  🔸福利待遇🔸 ✅結婚補助✅生育補助✅教育補助  ✅醫療減免✅眷屬補助✅喪葬補助 ✅水電優惠✅供應三餐✅服裝補給  ✅職務宿舍✅軍職優貸✅優利儲蓄 ✅升遷穩定✅年年加薪✅穩定年獎 ✅留營獎金✅考照補助 ✅退伍給付 ✅任職滿二十年，得以申領終身俸🎖  想了解都可以詢問呦🥳🥳
🇺🇲Where's the link? 🇧🇷Cadê o link? 🇪🇦¿Donde esta el enlace? 🇫🇷Où est le lien? 🇮🇹Dov'è il collegamento? 🇩🇪Wo ist der Link? 🇵🇭 asan ang sabaw? 🇹🇷 Link nerede? 🇷🇺Где ссылка? 🇬🇷Πού είναι ο σύνδεσμος; 🇨🇳链接在哪里？ 🇯🇵リンクはどこにありますか？  🇰🇷링크는 어디에 있습니까? 🇸🇦أين الرابط؟ 🇹🇭ลิงค์อยู่ไหน? 🇲🇾Di manakah pautan itu? 🇮🇩Dimana linknya? 🇮🇳लिंक कहां है? 🇮🇱איפה הקישור
明天是第一次去女僕咖啡廳但小弟我有點胖單人座位會有點擠請問女僕會幫我多拉一張椅子嗎😅😅
"南紡麥當勞 「 han-tsî、bô ài ping-kak.」 「Ha̋nn?」 「han-tsî、bô ài ping-kak.」 「呃……呃……嗯……」 「sweet potato,without ice cube.」 「呃……」 「蕃薯，不要冰塊。（官）」邊仔出聲矣  悲哀阿，快餐龍頭麥當勞  編一： 一是店員袂輸柴頭毋知應 二來麥當勞無得台語行通行 第三容我毋愛家己閣亂湧  我對店員袂曉台語無啥意見，止是伊含英文都毋知，致使我個人無痛罔哎 是講，逐家對「台灣人講國語就好」，是毋是接受甲傷緊？  編二： 是按怎逐家攏知影我濫""英文""？喔...因為我文章寫ice cube，阿儂冰塊面頂着是寫cube， 我共cube換做ice逐家無歡喜？我若講without ice有較好無?  編三：給有一點興趣的人 蕃薯🍠 han-tsî 額外加上去的數字是音高，比如11是低平調、33是中平調，“蕃薯🍠”前字在台灣最常見是這兩種念法 單念“蕃”一個字的時候，會念做huan，也就是上升的音調，近似於華語第一聲"
無啉過 bì-luh，嗎有可能是酒鬼 毋捌錄過音，嗎會 saih 做歌手 所以 無 suh 過 lān鳥，嗎有可能是🈸  加油， 放膽追夢（Hòng-tám tui bōng）！🥰
📢 好消息！ 📢 好消息！ 📢 特大好消息！ 📢 如果今天死！ 📢 清明節正好頭七！ 📢 好消息！ 📢 好消息！ 📢 特大好消息！ 📢 如果今天死！ 📢 清明節正好頭七！
For( int i=0；i<=3; i ++){ 你們是🫵🫵新竹高中的妹妹喔🥵🥵🥵 我是交大博士班畢業的啦😉😉 是你們新竹高中的學長😎😎😎喔你們是音樂班的喔😮😮 我沒有讀過音樂班欸😥😥 有沒有人要跟我換個聯絡方式🥺🥺🥺🥺 我有開車喔🚗🚗🚗 在外面（靠近 所以學妹有要跟我換個line嗎😍😍😍 } 我要賴乾你們什麼事啊😡😡😡現在要怎樣😡😡要開打是吧👊👊👊👊要打架我不怕啊🤬🤬（坐下 我跟你說你們以後不要來這吃飯了🤬🤬（轉身 是怎樣😕😕 我又沒有$%#&/“你😡😡😡 你有女朋友我又沒有女朋友（怒吼😭😭
在這家餐酒館當調酒師半年😩😩😩到離職要去當兵辦健保🧐🧐🧐 轉出才發現 公司根本沒幫我保勞健保：）😡😡😡但一直以來都跟我說有🤯🤯🤯每個月薪水也都有扣我勞健保的錢🤬🤬🤬😬 別的同事也遭殃😮💨😮💨😮💨而且遭殃的都是大學🈸^^⬅❤🚪 要去當兵了沒空去提告🙄🙄🙄@ 但我知道我們老闆最討厭google負評了💨💨💨👍
嗨嗨，我是孟孟 😀😀😀 2021⃣年1⃣月6日開始經營出租孟孟🤣🤣🤣 這是我實踐社工價值💰💰💰、進行社會實驗🧪🧪🧪社會倡議的1⃣個管道。 不好意思又來打擾大家了😂😂😂 很抱歉😿😿😿之前公布的企劃造成1⃣些人的不適😰😰😰感受。不過，跟自己不能理解的人互動本來就是辛苦🥵🥵🥵的～很謝謝願意認真對話的人，有些人和我成了朋友👊👊👊，也很謝謝🥺🥺🥺所有關注這個活動的人，你們的批評指教建議都讓這個企劃變得更加成熟細緻🥰🥰🥰 也歡迎大家對於新企劃的任何批評指教和建議‼‼^_^ 上1⃣個【出租1⃣日台大人體驗】企劃經過了1⃣段時間⏱⏱⏱的修正⚙⚙⚙，蛻變成【出租台大人】企劃囉‼‼想要來招募1⃣下潛在的出租者，歡迎有興趣的人先詳讀表單📄📄📄再填寫唷～有任何問題❓❓❓歡迎詢問與討論‼😊☺☺ 在此聲明，出租孟孟從來都沒有🈲代言任何群體的聲音📢📢，孟孟就是孟孟✅，出租孟孟只能代表我自己的個人立場而已。 透過出租自己來賺錢💵💵💵是辛苦🥵🥵🥵而且有風險的事情，希望真的想做這件事情的人再來參與，請不要期望我會像保母👩👩👩1⃣樣手把手🤝🤝🤝教大家，畢竟大家都是大人囉，如果需要經驗分享或任何疑問❓討論💬💬💬可以使用出租孟孟💰💰💰服務
愿你的枕头柔软，你的毯子温暖，你的思想充满对你的爱。 晚安。 欣赏今晚的美丽。 我希望你现在过得愉快！ 晚上好！ 🌺🌺🌹 🌺🌺 美丽的女士，
✴馬英九執政八年，台灣經濟是亞洲最後一名，他的八年一直在幫中國創造經濟和外匯。把台灣整個推向中國，讓台灣受控制在中國，因為他想當中國奴。 ✴馬英九八年所做事情…… 1⃣鼓勵台廠全部到中國設廠， 2⃣把中工院研究出來2000多項專利技術全部轉移給中國 3⃣把台灣農漁業養殖技術全部給中國 4⃣開放中國人移民台灣 5⃣開放中資來台炒地皮，購房， 6⃣開放中資來台設人頭公司企業 7⃣準備輸入簡體字去掉繁體字， 8⃣把台灣路標拚音改成和中國一樣， 9⃣一張行政命令開放中國人享用台灣健保，健保費台灣人幫忙負擔 🔟把台灣人的血汗錢一兆給中國震災， 1⃣1⃣將中油在查德開發20年的油田在卸任那個月賣給中資 1⃣2⃣要求政府部門，學校，司法，社團，里長到中國交流結果很多人被中國收買滲透 1⃣3⃣剛上任那年將白狼除罪，讓他回台替中國世界統一促進協會【是中國官方滲透全世界組織】在台以政黨成立，開始滲透收買宮廟，黑道，原住民，地方派系，基層幹部，社團，學校，政客，媒體，赤紅縣市。 1⃣4⃣從阿扁時代一直到蔡英文時代總共凍結軍購69次，造成軍隊設備無法更新維修，讓軍隊一直出事故人員死傷，目的協助中國削弱台灣國防力量，停止射程2000公里雲蜂飛彈量產， 1⃣5⃣633跳票，黃金十二項建設沒看到花掉一兆台灣人心血錢，國庫空空卸任前負債三兆， 1⃣6⃣執政八年股票一直停在最高9000點跟現在17800點相差一半，股民哀嚎自殺，家破人亡。 1⃣7⃣年輕人找不到工作因為企業 工廠全部到中國投資，台灣等於是一個空島，台灣中小企業倒閉潮， 1⃣8⃣想強行通過服貿幫中國企業 產品開後門，讓中國產品減稅 免稅低價，企業大量入台，讓台灣在地企業，產品無法競爭，
【網聚公告】  霧社首次與都幾社、前🦅霸社 舉辦結盟網聚  時間6/29 本週四 六福村主題遊樂園  目前確定參與人數37人 （確定參加🉑✉拉群組）
我知影按呢問...會淡薄仔掣一趒/// 閣有淡薄仔ê無禮貌😔😔😔... 毋過我真正毋是刁工ê，我按呢問是因為愛有禮貌， 假使 你感覺著hông犯著，我真歹勢， 毋過猶是足想欲問看覓， 若是你無佮意著當做無聽見  就是...你敢會當替我欶lān-pha
這就是卡桑帝，🤔HP 4700，護甲 329，魔抗 201的英雄。有不可阻擋🤚，有護盾👌，還能過牆✌。有控制🤙，甚至冷卻時間只有1秒✊，只要15點藍👍。轉換姿態時甚至可以刷新W的cd👈，還有✌真實傷害。然後，護甲和魔抗提升後還能獲得技能加速👐，縮短Q的cd🙌，還縮短釋放時間😨，然後還有攻擊力😰。W就👊🏿😭👊🏿啊啊啊啊啊啊🖐😭🤚
去小琉球打工換宿 妹子：你們是讀什麼的啊？ 我朋友：警專消防科的 妹子：哦～那你們平常工作是不是都要bla...bla...bla...，是哦～那你體力一定很好哈哈哈😻😻😻   我：欸那個我是數學系的！ 妹子：哦是喔，我不喜歡數學  😿😔😿😔  #true_story
獸🌽很棒的一點是 人類聞不到費洛蒙那些東西，但是動物聞得到 也就是說你自以為藏的很好，臉上看起來和藹可親 但動物都知道你想跟他瘋狂捉❤
大家都知道 大腦褶皺越多智商就越高 那只要讓醫生開顱 再叫鼎泰豐師傅把大腦👌捏一些褶皺出來   變超多皺褶  這樣大家智商都能隨便超過200了 為什麼政府不這樣做
抱歉各位，因為這件事有點燒起來了越來越多人知道還跑來問我所以我統一發 不想看的底下我也有放懶人包  雖然這些破事已經過了很久才被拿出來講但我後續也愧疚了很久，並沒有不在乎這件事或有意掩蓋，只是以為你不打算講我也不去提這件事就可以過去了 我也知道一定會有人因為我這些行為討厭我或對我大改觀 也可能有些人消息廣的應該已經看到那篇文了，對方放上的對話紀錄裡面很多地方用詞不當，因為當時的情緒真的太激動很難控制…  我以為過了這麼久我們都不提起就好了，我以為你已經忘記了不在意了，卻沒想到你在背後發文捅我刀一直告訴身邊的人我有多糟糕 現在才跟大家說我不是這種人也已經太遲了，那是很久之前發生的事情了 已經發生的事也無法改變  如果有人因為無法接受這件事想遠離我刪友的話…我也不知道… 畢竟這種行為這種過去不是每個人都能夠接受的 抱歉讓你們知道身邊有這種爛人或身邊有幹過這種爛事的朋友 懶人包我會放在下面，如果想看就看吧  對方第一篇文 🔗https://www.facebook.com/192917177463939/posts/5336091203146485/?mibextid=rS40aB7S9Ucbxw6v  第二篇文(對方有更後續) 🔗 https://m.facebook.com/MITCSAIL/videos/rick-roll/175310064147000/  對方朋友發的文 🔗https://www.facebook.com/yoinkhshshhs/videos/279144673873238/?d=2  如果還有什麼想跟我講的也可以直接跟我講，我也不知道過了那麼久的事突然被挖出來我要怎麼處理…
在學校附近的路上看到浪魚被車撞過世了（它是浪浪，因為這附近的魚愛媽都認識） 經過的路上看到正準備過馬路，誰知道下一秒就聽到啪磯很大的一聲..我嚇到馬上看後照鏡看到浪魚躺在地上，我趕快繞回去下車查看... 但太遲了，它在路中間已經死亡斷氣… 我把它移到路旁發現骨頭都移位了… 我開始難過哭了出來..因為我昨天才看它在附近散步 因為旁邊是水溝，我不知道該怎麼處理，我當下很慌就先移到旁邊有蓋東西 希望浪魚一路好走，如果有其他建議可以跟我講但是魚魚有點重，愛媽沒辦法抱上機車，所以移到旁邊希望不要再被撞 很多車看我在移魚也跟著繞路，非常謝謝你們！ 浪魚在外面生活已經非常辛苦，都過著有一餐沒一餐的生活，希望大家路上看到浪魚都可以體諒一點😞 今天發生這事情，心真的很難過很痛，撞魚的司機一定會有報應！
